[
	{
		"userId": "ABwppHE9i0O0ysjd40Re3Q5ZqH6_icm-pbI8e6Q0kg0XL7Q1aphiVYWnzkqOc4WrgCf5H2mebLtoBU7jxOE",
		"userData": {
			"data": {},
			"metaData": {
				"createdAt": "2018-09-19T23:08:07.455Z",
				"lastUsedAt": "2018-09-19T23:08:07.459Z"
			},
			"context": {
				"prev": [
					{
						"request": {
							"intent": "LAUNCH",
							"timestamp": "2018-09-19T23:08:07.459Z"
						},
						"response": {
							"speech": "Meet Patrick. He is a Voice App developer who has been building apps on Google Assistant and Amazon Alexa for over three years. Patrick is a senior at the Ohio State University. You can see the apps Pat has built on his github. Pats Github username is Sweetmantech"
						}
					}
				]
			}
		}
	},
	{
		"userId": "amzn1.account.AM3B00000000000000000000000",
		"userData": {
			"data": {},
			"metaData": {
				"createdAt": "2018-09-19T23:08:07.475Z",
				"lastUsedAt": "2018-09-19T23:08:07.477Z"
			},
			"context": {
				"prev": [
					{
						"request": {
							"intent": "LAUNCH",
							"timestamp": "2015-05-13T12:34:56Z"
						},
						"response": {
							"speech": "Meet Patrick. He is a Voice App developer who has been building apps on Google Assistant and Amazon Alexa for over three years. Patrick is a senior at the Ohio State University. You can see the apps Pat has built on his github. Pats Github username is Sweetmantech"
						}
					}
				]
			}
		}
	}
]